Ticker,Status,Rows,EarliestDate,LatestDate,MissingValues,ErrorMessage
360ONE,Downloaded,1371,2021-01-01,2026-07-17,0,
3MINDIA,Downloaded,1370,2021-01-01,2026-07-17,0,
ABB,Downloaded,1372,2021-01-01,2026-07-17,0,
ACC,UpToDate,1372,2021-01-01,2026-07-17,0,Already up to date
ACMESOLAR,Downloaded,417,2024-11-13,2026-07-17,0,
AIAENG,Downloaded,1370,2021-01-01,2026-07-17,0,
APLAPOLLO,Downloaded,1372,2021-01-01,2026-07-17,0,
AUBANK,UpToDate,1372,2021-01-01,2026-07-17,0,Already up to date
AWL,Downloaded,1099,2022-02-08,2026-07-17,0,
AADHARHFC,Downloaded,542,2024-05-15,2026-07-17,0,
AARTIIND,Downloaded,1372,2021-01-01,2026-07-17,0,
AAVAS,UpToDate,1372,2021-01-01,2026-07-17,0,Already up to date
ABBOTINDIA,Downloaded,1372,2021-01-01,2026-07-17,0,
ACE,Downloaded,1372,2021-01-01,2026-07-17,0,
ACUTAAS,Downloaded,1200,2021-09-14,2026-07-17,0,
ADANIENSOL,Downloaded,1372,2021-01-01,2026-07-17,0,
ADANIENT,UpToDate,1372,2021-01-01,2026-07-17,0,Already up to date
ADANIGREEN,UpToDate,1372,2021-01-01,2026-07-17,0,Already up to date
ADANIPORTS,UpToDate,1372,2021-01-01,2026-07-17,0,Already up to date
ADANIPOWER,UpToDate,1372,2021-01-01,2026-07-17,0,Already up to date
ATGL,Downloaded,1372,2021-01-01,2026-07-17,0,
ABCAPITAL,Downloaded,1372,2021-01-01,2026-07-17,0,
ABFRL,Downloaded,1372,2021-01-01,2026-07-17,0,
ABLBL,Downloaded,267,2025-06-24,2026-07-17,0,
ABREL,Downloaded,1372,2021-01-01,2026-07-17,0,
ABSLAMC,Downloaded,1181,2021-10-11,2026-07-17,0,
CPPLUS,Downloaded,237,2025-08-05,2026-07-17,0,
AEGISLOG,Downloaded,1370,2021-01-01,2026-07-17,0,
AEGISVOPAK,Downloaded,283,2025-06-02,2026-07-17,0,
AFCONS,Downloaded,424,2024-11-04,2026-07-17,0,
AFFLE,Downloaded,1372,2021-01-01,2026-07-17,0,
AJANTPHARM,Downloaded,1371,2021-01-01,2026-07-17,0,
ALKEM,UpToDate,1371,2021-01-01,2026-07-17,0,Already up to date
ABDL,Downloaded,509,2024-07-02,2026-07-17,0,
ARE&M,Downloaded,1372,2021-01-01,2026-07-17,0,
AMBER,UpToDate,1372,2021-01-01,2026-07-17,0,Already up to date
AMBUJACEM,UpToDate,1372,2021-01-01,2026-07-17,0,Already up to date
ANANDRATHI,Downloaded,1138,2021-12-14,2026-07-17,0,
ANANTRAJ,Downloaded,1372,2021-01-01,2026-07-17,0,
ANGELONE,UpToDate,1372,2021-01-01,2026-07-17,0,Already up to date
ANTHEM,Downloaded,248,2025-07-21,2026-07-17,0,
ANURAS,Downloaded,1315,2021-03-24,2026-07-17,0,
APARINDS,Downloaded,1372,2021-01-01,2026-07-17,0,
APOLLOHOSP,UpToDate,1372,2021-01-01,2026-07-17,0,Already up to date
APOLLOTYRE,Downloaded,1372,2021-01-01,2026-07-17,0,
APTUS,UpToDate,1214,2021-08-24,2026-07-17,0,Already up to date
ASAHIINDIA,Downloaded,1372,2021-01-01,2026-07-17,0,
ASHOKLEY,Downloaded,1372,2021-01-01,2026-07-17,0,
ASIANPAINT,UpToDate,1372,2021-01-01,2026-07-17,0,Already up to date
ASTERDM,Downloaded,1372,2021-01-01,2026-07-17,0,
ASTRAL,Downloaded,1372,2021-01-01,2026-07-17,0,
ATHERENERG,Downloaded,302,2025-05-06,2026-07-17,0,
ATUL,Downloaded,1372,2021-01-01,2026-07-17,0,
AUROPHARMA,UpToDate,1371,2021-01-01,2026-07-17,0,Already up to date
AIIL,Downloaded,557,2024-04-23,2026-07-17,0,
DMART,UpToDate,1372,2021-01-01,2026-07-17,0,Already up to date
AXISBANK,UpToDate,1372,2021-01-01,2026-07-17,0,Already up to date
BEML,UpToDate,1372,2021-01-01,2026-07-17,0,Already up to date
BLS,Downloaded,1372,2021-01-01,2026-07-17,0,
BSE,UpToDate,1372,2021-01-01,2026-07-17,0,Already up to date
BAJAJ-AUTO,UpToDate,1372,2021-01-01,2026-07-17,0,Already up to date
BAJFINANCE,UpToDate,1372,2021-01-01,2026-07-17,0,Already up to date
BAJAJFINSV,UpToDate,1372,2021-01-01,2026-07-17,0,Already up to date
BAJAJHLDNG,Downloaded,1372,2021-01-01,2026-07-17,0,
BAJAJHFL,Downloaded,458,2024-09-16,2026-07-17,0,
BALKRISIND,Downloaded,1371,2021-01-01,2026-07-17,0,
BALRAMCHIN,Downloaded,1372,2021-01-01,2026-07-17,0,
BANDHANBNK,UpToDate,1372,2021-01-01,2026-07-17,0,Already up to date
BANKBARODA,UpToDate,1372,2021-01-01,2026-07-17,0,Already up to date
BANKINDIA,Downloaded,1372,2021-01-01,2026-07-17,0,
MAHABANK,Downloaded,1372,2021-01-01,2026-07-17,0,
BATAINDIA,Downloaded,1372,2021-01-01,2026-07-17,0,
BAYERCROP,Downloaded,1372,2021-01-01,2026-07-17,0,
BELRISE,Downloaded,286,2025-05-28,2026-07-17,0,
BERGEPAINT,UpToDate,1372,2021-01-01,2026-07-17,0,Already up to date
BDL,Downloaded,1372,2021-01-01,2026-07-17,0,
BEL,UpToDate,1372,2021-01-01,2026-07-17,0,Already up to date
BHARATFORG,Downloaded,1371,2021-01-01,2026-07-17,0,
BHEL,UpToDate,1372,2021-01-01,2026-07-17,0,Already up to date
BPCL,UpToDate,1372,2021-01-01,2026-07-17,0,Already up to date
BHARTIARTL,UpToDate,1372,2021-01-01,2026-07-17,0,Already up to date
BHARTIHEXA,Downloaded,563,2024-04-12,2026-07-17,0,
BIKAJI,Downloaded,908,2022-11-16,2026-07-17,0,
GROWW,Downloaded,171,2025-11-12,2026-07-17,0,
BIOCON,UpToDate,1372,2021-01-01,2026-07-17,0,Already up to date
BSOFT,Downloaded,1372,2021-01-01,2026-07-17,0,
BLUEDART,Downloaded,1372,2021-01-01,2026-07-17,0,
BLUEJET,Downloaded,671,2023-11-01,2026-07-17,0,
BLUESTARCO,Downloaded,1372,2021-01-01,2026-07-17,0,
BBTC,Downloaded,1372,2021-01-01,2026-07-17,0,
BOSCHLTD,Downloaded,1371,2021-01-01,2026-07-17,0,
FIRSTCRY,Downloaded,481,2024-08-13,2026-07-17,0,
BRIGADE,Downloaded,1372,2021-01-01,2026-07-17,0,
BRITANNIA,UpToDate,1372,2021-01-01,2026-07-17,0,Already up to date
MAPMYINDIA,Downloaded,1132,2021-12-21,2026-07-17,0,
CCL,Downloaded,1372,2021-01-01,2026-07-17,0,
CESC,UpToDate,1372,2021-01-01,2026-07-17,0,Already up to date
CGPOWER,Downloaded,1372,2021-01-01,2026-07-17,0,
CIEINDIA,Downloaded,1370,2021-01-01,2026-07-17,0,
CRISIL,Downloaded,1372,2021-01-01,2026-07-17,0,
CANFINHOME,UpToDate,1372,2021-01-01,2026-07-17,0,Already up to date
CANBK,UpToDate,1372,2021-01-01,2026-07-17,0,Already up to date
CANHLIFE,Downloaded,187,2025-10-17,2026-07-17,0,
CAPLIPOINT,Downloaded,1371,2021-01-01,2026-07-17,0,
CGCL,Downloaded,1372,2021-01-01,2026-07-17,0,
CARBORUNIV,UpToDate,1371,2021-01-01,2026-07-17,0,Already up to date
CARTRADE,UpToDate,1216,2021-08-20,2026-07-17,0,Already up to date
CASTROLIND,Downloaded,1372,2021-01-01,2026-07-17,0,
CEATLTD,Downloaded,1372,2021-01-01,2026-07-17,0,
CEMPRO,Downloaded,1372,2021-01-01,2026-07-17,0,
CENTRALBK,Downloaded,1372,2021-01-01,2026-07-17,0,
CDSL,UpToDate,1372,2021-01-01,2026-07-17,0,Already up to date
CHALET,Downloaded,1372,2021-01-01,2026-07-17,0,
CHAMBLFERT,Downloaded,1372,2021-01-01,2026-07-17,0,
CHENNPETRO,Downloaded,1372,2021-01-01,2026-07-17,0,
CHOICEIN,Downloaded,1057,2022-04-08,2026-07-17,0,
CHOLAHLDNG,Downloaded,1372,2021-01-01,2026-07-17,0,
CHOLAFIN,UpToDate,1372,2021-01-01,2026-07-17,0,Already up to date
CIPLA,UpToDate,1372,2021-01-01,2026-07-17,0,Already up to date
CUB,Downloaded,1372,2021-01-01,2026-07-17,0,
CLEAN,Downloaded,1238,2021-07-19,2026-07-17,0,
COALINDIA,UpToDate,1372,2021-01-01,2026-07-17,0,Already up to date
COCHINSHIP,UpToDate,1372,2021-01-01,2026-07-17,0,Already up to date
COFORGE,UpToDate,1372,2021-01-01,2026-07-17,0,Already up to date
COHANCE,Downloaded,1372,2021-01-01,2026-07-17,0,
COLPAL,UpToDate,1372,2021-01-01,2026-07-17,0,Already up to date
CAMS,Downloaded,1372,2021-01-01,2026-07-17,0,
CONCORDBIO,Downloaded,721,2023-08-18,2026-07-17,0,
CONCOR,Downloaded,1372,2021-01-01,2026-07-17,0,
COROMANDEL,UpToDate,1372,2021-01-01,2026-07-17,0,Already up to date
CRAFTSMAN,Downloaded,1313,2021-03-25,2026-07-17,0,
CREDITACC,UpToDate,1372,2021-01-01,2026-07-17,0,Already up to date
CROMPTON,UpToDate,1372,2021-01-01,2026-07-17,0,Already up to date
CUMMINSIND,Downloaded,1372,2021-01-01,2026-07-17,0,
CYIENT,UpToDate,1372,2021-01-01,2026-07-17,0,Already up to date
DCMSHRIRAM,Downloaded,1371,2021-01-01,2026-07-17,0,
DLF,Downloaded,1372,2021-01-01,2026-07-17,0,
DOMS,Downloaded,637,2023-12-20,2026-07-17,0,
DABUR,UpToDate,1372,2021-01-01,2026-07-17,0,Already up to date
DALBHARAT,Downloaded,1371,2021-01-01,2026-07-17,0,
DATAPATTNS,Downloaded,1130,2021-12-24,2026-07-17,0,
DEEPAKFERT,Downloaded,1372,2021-01-01,2026-07-17,0,
DEEPAKNTR,UpToDate,1371,2021-01-01,2026-07-17,0,Already up to date
DELHIVERY,UpToDate,1029,2022-05-24,2026-07-17,0,Already up to date
DEVYANI,UpToDate,1219,2021-08-16,2026-07-17,0,Already up to date
DIVISLAB,UpToDate,1371,2021-01-01,2026-07-17,0,Already up to date
DIXON,UpToDate,1372,2021-01-01,2026-07-17,0,Already up to date
LALPATHLAB,UpToDate,1372,2021-01-01,2026-07-17,0,Already up to date
DRREDDY,UpToDate,1372,2021-01-01,2026-07-17,0,Already up to date
EIDPARRY,Downloaded,1371,2021-01-01,2026-07-17,0,
EIHOTEL,Downloaded,1372,2021-01-01,2026-07-17,0,
EICHERMOT,UpToDate,1372,2021-01-01,2026-07-17,0,Already up to date
ELECON,Downloaded,1372,2021-01-01,2026-07-17,0,
ELGIEQUIP,Downloaded,1372,2021-01-01,2026-07-17,0,
EMAMILTD,Downloaded,1372,2021-01-01,2026-07-17,0,
EMCURE,Downloaded,503,2024-07-10,2026-07-17,0,
EMMVEE,Downloaded,167,2025-11-18,2026-07-17,0,
ENDURANCE,Downloaded,1372,2021-01-01,2026-07-17,0,
ENGINERSIN,Downloaded,1372,2021-01-01,2026-07-17,0,
ERIS,Downloaded,1370,2021-01-01,2026-07-17,0,
ESCORTS,Downloaded,1372,2021-01-01,2026-07-17,0,
ETERNAL,Downloaded,1235,2021-07-23,2026-07-17,0,
EXIDEIND,Downloaded,1372,2021-01-01,2026-07-17,0,
NYKAA,UpToDate,1161,2021-11-10,2026-07-17,0,Already up to date
FEDERALBNK,UpToDate,1372,2021-01-01,2026-07-17,0,Already up to date
FACT,UpToDate,1372,2021-01-01,2026-07-17,0,Already up to date
FINCABLES,Downloaded,1372,2021-01-01,2026-07-17,0,
FSL,Downloaded,1372,2021-01-01,2026-07-17,0,
FIVESTAR,Downloaded,905,2022-11-21,2026-07-17,0,
FORCEMOT,Downloaded,1331,2021-01-01,2026-07-17,0,
FORTIS,UpToDate,1372,2021-01-01,2026-07-17,0,Already up to date
GAIL,Downloaded,1372,2021-01-01,2026-07-17,0,
GVT&D,Downloaded,1372,2021-01-01,2026-07-17,0,
GMRAIRPORT,Downloaded,1372,2021-01-01,2026-07-17,0,
GABRIEL,Downloaded,1372,2021-01-01,2026-07-17,0,
GALLANTT,Downloaded,1371,2021-01-01,2026-07-17,0,
GRSE,UpToDate,1372,2021-01-01,2026-07-17,0,Already up to date
GICRE,Downloaded,1372,2021-01-01,2026-07-17,0,
GILLETTE,Downloaded,1372,2021-01-01,2026-07-17,0,
GLAND,UpToDate,1371,2021-01-01,2026-07-17,0,Already up to date
GLAXO,Downloaded,1372,2021-01-01,2026-07-17,0,
GLENMARK,Downloaded,1372,2021-01-01,2026-07-17,0,
MEDANTA,Downloaded,906,2022-11-18,2026-07-17,0,
GODIGIT,Downloaded,536,2024-05-23,2026-07-17,0,
GPIL,Downloaded,1372,2021-01-01,2026-07-17,0,
GODFRYPHLP,Downloaded,1372,2021-01-01,2026-07-17,0,
GODREJCP,UpToDate,1372,2021-01-01,2026-07-17,0,Already up to date
GODREJIND,Downloaded,1372,2021-01-01,2026-07-17,0,
GODREJPROP,Downloaded,1372,2021-01-01,2026-07-17,0,
GRANULES,Downloaded,1371,2021-01-01,2026-07-17,0,
GRAPHITE,Downloaded,1372,2021-01-01,2026-07-17,0,
GRASIM,UpToDate,1372,2021-01-01,2026-07-17,0,Already up to date
GRAVITA,Downloaded,1372,2021-01-01,2026-07-17,0,
GESHIP,Downloaded,1372,2021-01-01,2026-07-17,0,
FLUOROCHEM,Downloaded,1372,2021-01-01,2026-07-17,0,
GMDCLTD,Downloaded,1372,2021-01-01,2026-07-17,0,
HEG,Downloaded,1372,2021-01-01,2026-07-17,0,
HBLENGINE,Downloaded,1372,2021-01-01,2026-07-17,0,
HCLTECH,UpToDate,1372,2021-01-01,2026-07-17,0,Already up to date
HDBFS,Downloaded,261,2025-07-02,2026-07-17,0,
HDFCAMC,Downloaded,1372,2021-01-01,2026-07-17,0,
HDFCBANK,UpToDate,1372,2021-01-01,2026-07-17,0,Already up to date
HDFCLIFE,UpToDate,1372,2021-01-01,2026-07-17,0,Already up to date
HFCL,Downloaded,1372,2021-01-01,2026-07-17,0,
HAVELLS,UpToDate,1372,2021-01-01,2026-07-17,0,Already up to date
HEROMOTOCO,UpToDate,1372,2021-01-01,2026-07-17,0,Already up to date
HEXT,Downloaded,348,2025-02-19,2026-07-17,0,
HSCL,Downloaded,1372,2021-01-01,2026-07-17,0,
HINDALCO,UpToDate,1372,2021-01-01,2026-07-17,0,Already up to date
HAL,UpToDate,1372,2021-01-01,2026-07-17,0,Already up to date
HINDCOPPER,UpToDate,1372,2021-01-01,2026-07-17,0,Already up to date
HINDPETRO,Downloaded,1372,2021-01-01,2026-07-17,0,
HINDUNILVR,UpToDate,1372,2021-01-01,2026-07-17,0,Already up to date
HINDZINC,UpToDate,1372,2021-01-01,2026-07-17,0,Already up to date
POWERINDIA,Downloaded,1372,2021-01-01,2026-07-17,0,
HOMEFIRST,UpToDate,1349,2021-02-03,2026-07-17,0,Already up to date
HONASA,Downloaded,666,2023-11-07,2026-07-17,0,
HONAUT,Downloaded,1370,2021-01-01,2026-07-17,0,
HUDCO,UpToDate,1372,2021-01-01,2026-07-17,0,Already up to date
HYUNDAI,Downloaded,433,2024-10-22,2026-07-17,0,
ICICIBANK,UpToDate,1372,2021-01-01,2026-07-17,0,Already up to date
ICICIGI,Downloaded,1372,2021-01-01,2026-07-17,0,
ICICIAMC,Downloaded,144,2025-12-19,2026-07-17,0,
ICICIPRULI,Downloaded,1372,2021-01-01,2026-07-17,0,
IDBI,Downloaded,1372,2021-01-01,2026-07-17,0,
IDFCFIRSTB,UpToDate,1372,2021-01-01,2026-07-17,0,Already up to date
IFCI,Downloaded,1372,2021-01-01,2026-07-17,0,
IIFL,Downloaded,1372,2021-01-01,2026-07-17,0,
IRB,Downloaded,1372,2021-01-01,2026-07-17,0,
IRCON,Downloaded,1372,2021-01-01,2026-07-17,0,
ITCHOTELS,Downloaded,364,2025-01-29,2026-07-17,0,
ITC,UpToDate,1372,2021-01-01,2026-07-17,0,Already up to date
ITI,Downloaded,1372,2021-01-01,2026-07-17,0,
INDGN,Downloaded,544,2024-05-13,2026-07-17,0,
INDIACEM,Downloaded,1372,2021-01-01,2026-07-17,0,
INDIAMART,UpToDate,1372,2021-01-01,2026-07-17,0,Already up to date
INDIANB,Downloaded,1372,2021-01-01,2026-07-17,0,
IEX,Downloaded,1372,2021-01-01,2026-07-17,0,
INDHOTEL,Downloaded,1372,2021-01-01,2026-07-17,0,
IOC,Downloaded,1372,2021-01-01,2026-07-17,0,
IOB,Downloaded,1372,2021-01-01,2026-07-17,0,
IRCTC,UpToDate,1372,2021-01-01,2026-07-17,0,Already up to date
IRFC,UpToDate,1353,2021-01-29,2026-07-17,0,Already up to date
IREDA,Downloaded,653,2023-11-29,2026-07-17,0,
IGL,Downloaded,1372,2021-01-01,2026-07-17,0,
INDUSTOWER,Downloaded,1372,2021-01-01,2026-07-17,0,
INDUSINDBK,UpToDate,1372,2021-01-01,2026-07-17,0,Already up to date
NAUKRI,UpToDate,1372,2021-01-01,2026-07-17,0,Already up to date
INFY,UpToDate,1372,2021-01-01,2026-07-17,0,Already up to date
INOXWIND,UpToDate,1372,2021-01-01,2026-07-17,0,Already up to date
INTELLECT,Downloaded,1372,2021-01-01,2026-07-17,0,
INDIGO,Downloaded,1371,2021-01-01,2026-07-17,0,
IGIL,Downloaded,386,2024-12-30,2026-07-17,0,
IKS,Downloaded,392,2024-12-19,2026-07-17,0,
IPCALAB,Downloaded,1371,2021-01-01,2026-07-17,0,
JKCEMENT,Downloaded,1372,2021-01-01,2026-07-17,0,
JBMA,Downloaded,1372,2021-01-01,2026-07-17,0,
JKTYRE,Downloaded,1372,2021-01-01,2026-07-17,0,
JMFINANCIL,Downloaded,1372,2021-01-01,2026-07-17,0,
JSWCEMENT,Downloaded,230,2025-08-14,2026-07-17,0,
JSWDULUX,Downloaded,1372,2021-01-01,2026-07-17,0,
JSWENERGY,Downloaded,1372,2021-01-01,2026-07-17,0,
JSWINFRA,Downloaded,691,2023-10-03,2026-07-17,0,
JSWSTEEL,UpToDate,1372,2021-01-01,2026-07-17,0,Already up to date
JAINREC,Downloaded,196,2025-10-06,2026-07-17,0,
JPPOWER,Downloaded,1372,2021-01-01,2026-07-17,0,
J&KBANK,Downloaded,1372,2021-01-01,2026-07-17,0,
JINDALSAW,Downloaded,1372,2021-01-01,2026-07-17,0,
JSL,Downloaded,1372,2021-01-01,2026-07-17,0,
JINDALSTEL,Downloaded,1372,2021-01-01,2026-07-17,0,
JIOFIN,Downloaded,720,2023-08-21,2026-07-17,0,
JUBLFOOD,UpToDate,1372,2021-01-01,2026-07-17,0,Already up to date
JUBLINGREA,Downloaded,1319,2021-03-19,2026-07-17,0,
JUBLPHARMA,Downloaded,1371,2021-01-01,2026-07-17,0,
JWL,Downloaded,1372,2021-01-01,2026-07-17,0,
JYOTICNC,Downloaded,620,2024-01-16,2026-07-17,0,
KPRMILL,Downloaded,1372,2021-01-01,2026-07-17,0,
KEI,Downloaded,1372,2021-01-01,2026-07-17,0,
KPITTECH,UpToDate,1372,2021-01-01,2026-07-17,0,Already up to date
KAJARIACER,Downloaded,1372,2021-01-01,2026-07-17,0,
KPIL,Downloaded,1371,2021-01-01,2026-07-17,0,
KALYANKJIL,Downloaded,1314,2021-03-26,2026-07-17,0,
KARURVYSYA,Downloaded,1372,2021-01-01,2026-07-17,0,
KAYNES,UpToDate,905,2022-11-22,2026-07-17,0,Already up to date
KEC,Downloaded,1372,2021-01-01,2026-07-17,0,
KFINTECH,Downloaded,878,2022-12-29,2026-07-17,0,
KIRLOSENG,Downloaded,1371,2021-01-01,2026-07-17,0,
KOTAKBANK,UpToDate,1372,2021-01-01,2026-07-17,0,Already up to date
KIMS,UpToDate,1253,2021-06-28,2026-07-17,0,Already up to date
LTF,Downloaded,1372,2021-01-01,2026-07-17,0,
LTTS,UpToDate,1372,2021-01-01,2026-07-17,0,Already up to date
LGEINDIA,Downloaded,190,2025-10-14,2026-07-17,0,
LICHSGFIN,UpToDate,1372,2021-01-01,2026-07-17,0,Already up to date
LTFOODS,Downloaded,1372,2021-01-01,2026-07-17,0,
LTM,Downloaded,1372,2021-01-01,2026-07-17,0,
LT,UpToDate,1372,2021-01-01,2026-07-17,0,Already up to date
LATENTVIEW,Downloaded,1153,2021-11-23,2026-07-17,0,
LAURUSLABS,Downloaded,1372,2021-01-01,2026-07-17,0,
THELEELA,Downloaded,282,2025-06-02,2026-07-17,0,
LEMONTREE,Downloaded,1372,2021-01-01,2026-07-17,0,
LENSKART,Downloaded,173,2025-11-10,2026-07-17,0,
LICI,Downloaded,1034,2022-05-17,2026-07-17,0,
LINDEINDIA,Downloaded,1371,2021-01-01,2026-07-17,0,
LLOYDSME,Downloaded,744,2023-07-17,2026-07-17,0,
LODHA,Downloaded,1301,2021-04-19,2026-07-17,0,
LUPIN,Downloaded,1372,2021-01-01,2026-07-17,0,
MMTC,Downloaded,1372,2021-01-01,2026-07-17,0,
MRF,Downloaded,1371,2021-01-01,2026-07-17,0,
MGL,Downloaded,1371,2021-01-01,2026-07-17,0,
M&MFIN,Downloaded,1372,2021-01-01,2026-07-17,0,
M&M,UpToDate,1372,2021-01-01,2026-07-17,0,Already up to date
MANAPPURAM,UpToDate,1372,2021-01-01,2026-07-17,0,Already up to date
MRPL,Downloaded,1372,2021-01-01,2026-07-17,0,
MANKIND,Downloaded,791,2023-05-09,2026-07-17,0,
MARICO,UpToDate,1372,2021-01-01,2026-07-17,0,Already up to date
MARUTI,UpToDate,1372,2021-01-01,2026-07-17,0,Already up to date
MFSL,Downloaded,1372,2021-01-01,2026-07-17,0,
MAXHEALTH,UpToDate,1372,2021-01-01,2026-07-17,0,Already up to date
MAZDOCK,Downloaded,1372,2021-01-01,2026-07-17,0,
MEESHO,Downloaded,151,2025-12-10,2026-07-17,0,
MINDACORP,Downloaded,1371,2021-01-01,2026-07-17,0,
MSUMI,Downloaded,1067,2022-03-28,2026-07-17,0,
MOTILALOFS,Downloaded,1372,2021-01-01,2026-07-17,0,
MPHASIS,UpToDate,1372,2021-01-01,2026-07-17,0,Already up to date
MCX,UpToDate,1372,2021-01-01,2026-07-17,0,Already up to date
MUTHOOTFIN,UpToDate,1372,2021-01-01,2026-07-17,0,Already up to date
NATCOPHARM,Downloaded,1372,2021-01-01,2026-07-17,0,
NBCC,UpToDate,1372,2021-01-01,2026-07-17,0,Already up to date
NCC,Downloaded,1372,2021-01-01,2026-07-17,0,
NHPC,UpToDate,1372,2021-01-01,2026-07-17,0,Already up to date
NLCINDIA,Downloaded,1372,2021-01-01,2026-07-17,0,
NMDC,UpToDate,1372,2021-01-01,2026-07-17,0,Already up to date
NSLNISP,Downloaded,842,2023-02-20,2026-07-17,0,
NTPCGREEN,Downloaded,409,2024-11-27,2026-07-17,0,
NTPC,UpToDate,1372,2021-01-01,2026-07-17,0,Already up to date
NH,Downloaded,1372,2021-01-01,2026-07-17,0,
NATIONALUM,UpToDate,1372,2021-01-01,2026-07-17,0,Already up to date
NAVA,Downloaded,1372,2021-01-01,2026-07-17,0,
NAVINFLUOR,Downloaded,1371,2021-01-01,2026-07-17,0,
NESTLEIND,UpToDate,1372,2021-01-01,2026-07-17,0,Already up to date
NETWEB,Downloaded,736,2023-07-27,2026-07-17,0,
NEULANDLAB,Downloaded,1372,2021-01-01,2026-07-17,0,
NEWGEN,Downloaded,1372,2021-01-01,2026-07-17,0,
NAM-INDIA,Downloaded,1372,2021-01-01,2026-07-17,0,
NIVABUPA,Downloaded,415,2024-11-14,2026-07-17,0,
NUVAMA,Downloaded,695,2023-09-26,2026-07-17,0,
NUVOCO,Downloaded,1215,2021-08-23,2026-07-17,0,
OBEROIRLTY,Downloaded,1371,2021-01-01,2026-07-17,0,
ONGC,UpToDate,1372,2021-01-01,2026-07-17,0,Already up to date
OIL,Downloaded,1372,2021-01-01,2026-07-17,0,
OLAELEC,Downloaded,483,2024-08-09,2026-07-17,0,
OLECTRA,Downloaded,1372,2021-01-01,2026-07-17,0,
PAYTM,UpToDate,1155,2021-11-18,2026-07-17,0,Already up to date
ONESOURCE,Downloaded,368,2025-01-24,2026-07-17,0,
OFSS,Downloaded,1372,2021-01-01,2026-07-17,0,
POLICYBZR,UpToDate,1157,2021-11-15,2026-07-17,0,Already up to date
PCBL,Downloaded,1372,2021-01-01,2026-07-17,0,
PGEL,Downloaded,1372,2021-01-01,2026-07-17,0,
PIIND,Downloaded,1372,2021-01-01,2026-07-17,0,
PNBHOUSING,Downloaded,1372,2021-01-01,2026-07-17,0,
PTCIL,Downloaded,768,2023-06-09,2026-07-17,0,
PVRINOX,UpToDate,892,2022-11-10,2026-07-17,0,Already up to date
PAGEIND,UpToDate,1370,2021-01-01,2026-07-17,0,Already up to date
PARADEEP,Downloaded,1026,2022-05-27,2026-07-17,0,
PATANJALI,Downloaded,1372,2021-01-01,2026-07-17,0,
PERSISTENT,UpToDate,1372,2021-01-01,2026-07-17,0,Already up to date
PETRONET,Downloaded,1372,2021-01-01,2026-07-17,0,
PFIZER,Downloaded,1371,2021-01-01,2026-07-17,0,
PHOENIXLTD,Downloaded,1370,2021-01-01,2026-07-17,0,
PWL,Downloaded,167,2025-11-18,2026-07-17,0,
PIDILITIND,UpToDate,1372,2021-01-01,2026-07-17,0,Already up to date
PINELABS,Downloaded,169,2025-11-14,2026-07-17,0,
PIRAMALFIN,Downloaded,174,2025-11-07,2026-07-17,0,
PPLPHARMA,Downloaded,927,2022-10-19,2026-07-17,0,
POLYMED,Downloaded,1372,2021-01-01,2026-07-17,0,
POLYCAB,Downloaded,1372,2021-01-01,2026-07-17,0,
POONAWALLA,Downloaded,1372,2021-01-01,2026-07-17,0,
PFC,UpToDate,1372,2021-01-01,2026-07-17,0,Already up to date
POWERGRID,UpToDate,1372,2021-01-01,2026-07-17,0,Already up to date
PREMIERENE,Downloaded,467,2024-09-03,2026-07-17,0,
PRESTIGE,Downloaded,1372,2021-01-01,2026-07-17,0,
PFOCUS,Downloaded,1371,2021-01-01,2026-07-17,0,
PNB,Downloaded,1372,2021-01-01,2026-07-17,0,
RRKABEL,Downloaded,697,2023-09-20,2026-07-17,0,
RBLBANK,Downloaded,1372,2021-01-01,2026-07-17,0,
RECLTD,UpToDate,1372,2021-01-01,2026-07-17,0,Already up to date
RHIM,Downloaded,1371,2021-01-01,2026-07-17,0,
RITES,Downloaded,1372,2021-01-01,2026-07-17,0,
RADICO,Downloaded,1371,2021-01-01,2026-07-17,0,
RVNL,UpToDate,1372,2021-01-01,2026-07-17,0,Already up to date
RAILTEL,Downloaded,1333,2021-02-26,2026-07-17,0,
RAINBOW,UpToDate,1038,2022-05-10,2026-07-17,0,Already up to date
RKFORGE,Downloaded,1372,2021-01-01,2026-07-17,0,
REDINGTON,Downloaded,1372,2021-01-01,2026-07-17,0,
RELIANCE,UpToDate,1372,2021-01-01,2026-07-17,0,Already up to date
RPOWER,UpToDate,1372,2021-01-01,2026-07-17,0,Already up to date
SBFC,Downloaded,722,2023-08-16,2026-07-17,0,
SBICARD,Downloaded,1372,2021-01-01,2026-07-17,0,
SBILIFE,UpToDate,1372,2021-01-01,2026-07-17,0,Already up to date
SJVN,UpToDate,1372,2021-01-01,2026-07-17,0,Already up to date
SRF,Downloaded,1372,2021-01-01,2026-07-17,0,
SAGILITY,Downloaded,418,2024-11-12,2026-07-17,0,
SAILIFE,Downloaded,394,2024-12-18,2026-07-17,0,
SAMMAANCAP,Downloaded,1372,2021-01-01,2026-07-17,0,
MOTHERSON,Downloaded,1372,2021-01-01,2026-07-17,0,
SAPPHIRE,UpToDate,1155,2021-11-18,2026-07-17,0,Already up to date
SARDAEN,Downloaded,1372,2021-01-01,2026-07-17,0,
SAREGAMA,Downloaded,1371,2021-01-01,2026-07-17,0,
SCHAEFFLER,UpToDate,1372,2021-01-01,2026-07-17,0,Already up to date
SCHNEIDER,Downloaded,1372,2021-01-01,2026-07-17,0,
SCI,Downloaded,1372,2021-01-01,2026-07-17,0,
SHREECEM,UpToDate,1372,2021-01-01,2026-07-17,0,Already up to date
SHRIRAMFIN,Downloaded,1372,2021-01-01,2026-07-17,0,
SHYAMMETL,Downloaded,1255,2021-06-24,2026-07-17,0,
ENRIN,Downloaded,270,2025-06-19,2026-07-17,0,
SIEMENS,UpToDate,1371,2021-01-01,2026-07-17,0,Already up to date
SIGNATURE,Downloaded,692,2023-09-27,2026-07-17,0,
SOBHA,Downloaded,1371,2021-01-01,2026-07-17,0,
SOLARINDS,Downloaded,1371,2021-01-01,2026-07-17,0,
SONACOMS,UpToDate,1255,2021-06-24,2026-07-17,0,Already up to date
SONATSOFTW,Downloaded,1372,2021-01-01,2026-07-17,0,
STARHEALTH,Downloaded,1140,2021-12-10,2026-07-17,0,
SBIN,UpToDate,1372,2021-01-01,2026-07-17,0,Already up to date
SAIL,Downloaded,1372,2021-01-01,2026-07-17,0,
SUMICHEM,Downloaded,1372,2021-01-01,2026-07-17,0,
SUNPHARMA,UpToDate,1372,2021-01-01,2026-07-17,0,Already up to date
SUNTV,UpToDate,1372,2021-01-01,2026-07-17,0,Already up to date
SUNDARMFIN,Downloaded,1372,2021-01-01,2026-07-17,0,
SUPREMEIND,Downloaded,1372,2021-01-01,2026-07-17,0,
SPLPETRO,Downloaded,1372,2021-01-01,2026-07-17,0,
SUZLON,UpToDate,1372,2021-01-01,2026-07-17,0,Already up to date
SWANCORP,Downloaded,1372,2021-01-01,2026-07-17,0,
SWIGGY,Downloaded,417,2024-11-13,2026-07-17,0,
SYNGENE,Downloaded,1372,2021-01-01,2026-07-17,0,
SYRMA,UpToDate,963,2022-08-26,2026-07-17,0,Already up to date
TBOTEK,Downloaded,542,2024-05-15,2026-07-17,0,
TVSMOTOR,Downloaded,1372,2021-01-01,2026-07-17,0,
TATACAP,Downloaded,191,2025-10-13,2026-07-17,0,
TATACHEM,UpToDate,1372,2021-01-01,2026-07-17,0,Already up to date
TATACOMM,UpToDate,1372,2021-01-01,2026-07-17,0,Already up to date
TCS,UpToDate,1372,2021-01-01,2026-07-17,0,Already up to date
TATACONSUM,UpToDate,1372,2021-01-01,2026-07-17,0,Already up to date
TATAELXSI,UpToDate,1372,2021-01-01,2026-07-17,0,Already up to date
TATAINVEST,Downloaded,1372,2021-01-01,2026-07-17,0,
TMCV,Downloaded,171,2025-11-12,2026-07-17,0,
TMPV,Downloaded,1372,2021-01-01,2026-07-17,0,
TATAPOWER,UpToDate,1372,2021-01-01,2026-07-17,0,Already up to date
TATASTEEL,UpToDate,1372,2021-01-01,2026-07-17,0,Already up to date
TATATECH,Downloaded,652,2023-11-30,2026-07-17,0,
TTML,Downloaded,1372,2021-01-01,2026-07-17,0,
TECHM,UpToDate,1372,2021-01-01,2026-07-17,0,Already up to date
TECHNOE,Downloaded,1372,2021-01-01,2026-07-17,0,
TEGA,Downloaded,1138,2021-12-13,2026-07-17,0,
TEJASNET,Downloaded,1372,2021-01-01,2026-07-17,0,
TENNIND,Downloaded,166,2025-11-19,2026-07-17,0,
NIACL,Downloaded,1372,2021-01-01,2026-07-17,0,
RAMCOCEM,Downloaded,1371,2021-01-01,2026-07-17,0,
THERMAX,Downloaded,1371,2021-01-01,2026-07-17,0,
TIMKEN,UpToDate,1371,2021-01-01,2026-07-17,0,Already up to date
TITAGARH,Downloaded,1372,2021-01-01,2026-07-17,0,
TITAN,UpToDate,1372,2021-01-01,2026-07-17,0,Already up to date
TORNTPHARM,UpToDate,1372,2021-01-01,2026-07-17,0,Already up to date
TORNTPOWER,UpToDate,1372,2021-01-01,2026-07-17,0,Already up to date
TARIL,Downloaded,1372,2021-01-01,2026-07-17,0,
TRAVELFOOD,Downloaded,253,2025-07-14,2026-07-17,0,
TRENT,UpToDate,1372,2021-01-01,2026-07-17,0,Already up to date
TRIDENT,Downloaded,1372,2021-01-01,2026-07-17,0,
TRITURBINE,Downloaded,1372,2021-01-01,2026-07-17,0,
TIINDIA,UpToDate,1372,2021-01-01,2026-07-17,0,Already up to date
UCOBANK,Downloaded,1372,2021-01-01,2026-07-17,0,
UNOMINDA,Downloaded,1372,2021-01-01,2026-07-17,0,
UPL,UpToDate,1372,2021-01-01,2026-07-17,0,Already up to date
UTIAMC,Downloaded,1372,2021-01-01,2026-07-17,0,
ULTRACEMCO,UpToDate,1372,2021-01-01,2026-07-17,0,Already up to date
UNIONBANK,Downloaded,1372,2021-01-01,2026-07-17,0,
UBL,Downloaded,1372,2021-01-01,2026-07-17,0,
UNITDSPR,Downloaded,1372,2021-01-01,2026-07-17,0,
URBANCO,Downloaded,208,2025-09-17,2026-07-17,0,
USHAMART,Downloaded,1372,2021-01-01,2026-07-17,0,
VTL,Downloaded,1372,2021-01-01,2026-07-17,0,
VBL,Downloaded,1372,2021-01-01,2026-07-17,0,
VEDL,UpToDate,1372,2021-01-01,2026-07-17,0,Already up to date
VIJAYA,Downloaded,1199,2021-09-14,2026-07-17,0,
VMM,Downloaded,394,2024-12-18,2026-07-17,0,
IDEA,Downloaded,1372,2021-01-01,2026-07-17,0,
VOLTAS,UpToDate,1372,2021-01-01,2026-07-17,0,Already up to date
WAAREEENER,Downloaded,429,2024-10-28,2026-07-17,0,
WELCORP,Downloaded,1372,2021-01-01,2026-07-17,0,
WELSPUNLIV,Downloaded,1372,2021-01-01,2026-07-17,0,
WHIRLPOOL,UpToDate,1372,2021-01-01,2026-07-17,0,Already up to date
WIPRO,UpToDate,1372,2021-01-01,2026-07-17,0,Already up to date
WOCKPHARMA,Downloaded,1372,2021-01-01,2026-07-17,0,
YESBANK,Downloaded,1372,2021-01-01,2026-07-17,0,
ZFCVINDIA,Downloaded,1372,2021-01-01,2026-07-17,0,
ZEEL,UpToDate,1372,2021-01-01,2026-07-17,0,Already up to date
ZENTEC,Downloaded,1372,2021-01-01,2026-07-17,0,
ZENSARTECH,Downloaded,1372,2021-01-01,2026-07-17,0,
ZYDUSLIFE,Downloaded,1372,2021-01-01,2026-07-17,0,
ZYDUSWELL,Downloaded,1372,2021-01-01,2026-07-17,0,
ECLERX,Downloaded,1372,2021-01-01,2026-07-17,0,
