Ticker,Signal Date,Entry Date,Exit Date,Entry Price,Exit Price,Highest High,Lowest Low,MFE (%),MAE (%),Day MFE occurred,Day MAE occurred,Final Return (%)
BEML,2024-08-06,2024-08-07,2024-08-14,2012.4278564453125,1795.377685546875,2051.168234060789,1779.8863994723365,1.9250567165128727,-11.555269235028863,1,5,-10.785488294811616
LICHSGFIN,2024-08-07,2024-08-08,2024-08-16,620.629150390625,638.3267211914062,640.3146619226909,607.3922532093691,3.171863828773722,-2.1328191195860846,5,2,2.8515532648832833
AAVAS,2024-10-04,2024-10-07,2024-10-14,1727.300048828125,1728.050048828125,1814.949951171875,1690.0,5.074387765068118,-2.1594423535986675,5,0,0.04342036581940887
NATIONALUM,2024-10-04,2024-10-07,2024-10-14,198.07456970214844,208.83135986328125,214.26045853643103,184.3497266662388,8.17161378092194,-6.929129295369996,5,1,5.430677031033397
MPHASIS,2024-10-04,2024-10-07,2024-10-14,2818.138671875,2904.561767578125,2920.640555975935,2785.490850107992,3.6372193151424024,-1.1584888313989943,0,1,3.066672927263188
MOIL,2024-10-04,2024-10-07,2024-10-14,349.79412841796875,367.9752807617188,378.1296643505257,345.0554086374889,8.100632237799834,-1.354716787817998,0,1,5.197672249668357
MIDHANI,2024-10-04,2024-10-07,2024-10-14,363.8123779296875,373.7607421875,385.997259843692,358.7386965349887,6.09789090746442,-1.3945873484489717,0,0,2.7344765767522015
MAXHEALTH,2024-10-04,2024-10-07,2024-10-14,915.34375,946.1581420898438,977.1723535514172,910.9487972065028,6.754686810437854,-0.48014232833262566,2,0,3.36642841444471
M&M,2024-10-04,2024-10-07,2024-10-14,3035.81005859375,3129.755126953125,3194.6340872194346,2959.126093654679,5.231685301789111,-2.5259803300932617,3,0,3.0945634458729048
LTTS,2024-10-04,2024-10-07,2024-10-14,5062.25048828125,5192.79638671875,5210.012250461779,4926.540589279532,2.9188947193069033,-2.680821490676473,5,0,2.5788115135690037
KIOCL,2024-10-04,2024-10-07,2024-10-14,347.1499938964844,377.1499938964844,388.0,342.20001220703125,11.767249552565618,-1.4258913370250974,2,1,8.64179764581693
IRFC,2024-10-04,2024-10-07,2024-10-14,139.9888153076172,146.77731323242188,150.9861775931885,137.23460368921317,7.855886387355487,-1.9674511941198989,2,1,4.849314504081889
IOLCP,2024-10-04,2024-10-07,2024-10-14,84.20655059814453,83.58251190185547,89.01361772659116,82.28567461428472,5.7086617303530245,-2.28114792758432,0,5,-0.7410809394950005
INOXWIND,2024-10-04,2024-10-07,2024-10-14,208.13999938964844,214.8600006103516,229.4499969482422,204.0,10.238300000520502,-1.9890455471262651,2,1,3.2285967331646703
HUDCO,2024-10-04,2024-10-07,2024-10-14,201.4839324951172,214.5994415283203,222.80020844998936,197.89130848471476,10.57964061496008,-1.7830821375741692,2,0,6.509456546129785
HOMEFIRST,2024-10-04,2024-10-07,2024-10-14,1236.1741943359375,1210.802734375,1379.0320925010287,1184.3346017938018,11.556453679396963,-4.193550777848387,2,5,-2.052417861268075
GRSE,2024-10-04,2024-10-07,2024-10-14,1518.4508056640625,1676.302978515625,1765.8908577261716,1481.776564785991,16.295559338446687,-2.4152406348148223,3,0,10.395606644795395
GNFC,2024-10-04,2024-10-07,2024-10-14,610.54345703125,626.007568359375,642.631524701714,600.2984311040076,5.255656628684773,-1.6780174792239282,3,0,2.5328436739489106
GARFIBRES,2024-10-04,2024-10-07,2024-10-14,763.6943359375,794.0501098632812,802.2464394623363,732.5880309337631,5.048106514697441,-4.073135486274264,4,0,3.9748591153968613
GALAXYSURF,2024-10-04,2024-10-07,2024-10-14,2785.870849609375,2883.792724609375,3009.932613308155,2753.5933876975087,8.042790775107077,-1.1586130030540422,3,1,3.514946682245886
FORTIS,2024-10-04,2024-10-07,2024-10-14,579.3648071289062,596.9939575195312,621.7646627420321,573.3219658487222,7.318334681604514,-1.0430114507869133,3,0,3.0428410862557946
FACT,2024-10-04,2024-10-07,2024-10-14,849.86474609375,918.3876953125,947.2763149999992,838.0694194344608,11.462008437693628,-1.3879063360969286,3,1,8.062806409337883
EASEMYTRIP,2024-10-04,2024-10-07,2024-10-14,16.045000076293945,16.719999313354492,17.375,15.800000190734863,8.289186147596807,-1.5269547173207108,3,0,4.206913268002037
DMART,2024-10-04,2024-10-07,2024-10-14,4544.14990234375,4183.60009765625,4752.89990234375,4139.9501953125,4.5938185246118834,-8.894946595462766,0,5,-7.934373038652138
DIXON,2024-10-04,2024-10-07,2024-10-14,13503.740234375,15258.259765625,15291.195304377832,13344.061298610726,13.236740628738566,-1.182479320490752,5,0,12.992841248409908
DEVYANI,2024-10-04,2024-10-07,2024-10-14,173.00999450683594,179.27000427246094,183.88999938964844,169.91000366210938,6.288656856978636,-1.7917987070995927,4,0,3.6182937196600253
NBCC,2024-10-04,2024-10-07,2024-10-14,114.33788299560548,111.7614974975586,118.25674277191142,108.95807957706992,3.427437760463482,-4.705180188391567,0,1,-2.253308728958985
NEOGEN,2024-10-04,2024-10-07,2024-10-14,2006.922607421875,2080.57568359375,2214.3906027881026,1975.042995458503,10.337618132307767,-1.5884823782181197,3,0,3.669950993600642
NETWORK18,2024-10-04,2024-10-07,2024-10-14,74.0,79.0999984741211,82.0,72.51000213623047,10.81081081081081,-2.0135106267155827,4,1,6.89188982989337
NFL,2024-10-04,2024-10-07,2024-10-14,114.12142181396484,118.07769012451172,124.64192987252564,111.56264702159277,9.21869697322104,-2.2421511682033426,3,0,3.4667183843855276
ZEEL,2024-10-04,2024-10-07,2024-10-14,122.373291015625,127.53250885009766,129.48542605514578,121.67374841515748,5.811836047306009,-0.571646471760087,0,1,4.215967219361545
YATHARTH,2024-10-04,2024-10-07,2024-10-14,534.3499755859375,636.0,640.2999877929688,525.0499877929688,19.82783139287179,-1.7404300959817425,5,0,19.023117630462867
WESTLIFE,2024-10-04,2024-10-07,2024-10-14,881.979736328125,873.5385131835938,915.9442697527888,856.2065801004039,3.8509426039724723,-2.922193692909587,3,0,-0.9570767668284436
VSTIND,2024-10-04,2024-10-07,2024-10-14,338.623046875,361.1365966796875,371.497622588322,334.12031487566344,9.708310174604673,-1.3297181160261395,4,0,6.648558038932949
VINDHYATEL,2024-10-04,2024-10-07,2024-10-14,2211.65087890625,2119.32763671875,2285.8161645875125,2014.6849464339984,3.3533902836391705,-8.90583293913274,0,2,-4.174403974336019
VEDL,2024-10-04,2024-10-07,2024-10-14,458.8196411132813,457.7650451660156,471.2003433042885,444.4214225995347,2.6983810372560777,-3.1380998596334546,0,1,-0.22984978252169136
TORNTPOWER,2024-10-04,2024-10-07,2024-10-14,1755.3067626953125,1892.6529541015625,1936.0124986668725,1710.6791444163048,10.29482366341951,-2.542439830316669,2,1,7.82462611807818
TIINDIA,2024-10-04,2024-10-07,2024-10-14,4014.43310546875,4220.064453125,4301.948520946416,3919.0271024855297,7.1620427573196155,-2.376574736125293,2,0,5.12230101371285
TEXRAIL,2024-10-04,2024-10-07,2024-10-14,187.84564208984372,204.9876251220703,206.78839313297075,183.60739705933975,10.084211074786074,-2.2562381449748443,5,1,9.125568653877975
TATAPOWER,2024-10-04,2024-10-07,2024-10-14,438.7179565429688,459.5950927734375,475.1038013319011,436.1331933259364,8.293675753699993,-0.5891628501828219,3,0,4.758669190332981
TATACOMM,2024-10-04,2024-10-07,2024-10-14,1950.877197265625,1922.648681640625,2065.565033248639,1906.539188521268,5.878782946654041,-2.2727216662587346,0,5,-1.4469652761622032
DABUR,2024-10-04,2024-10-07,2024-10-14,557.9003295898438,555.8427124023438,569.4130246927749,550.6497572636014,2.063575605233115,-1.2996178603394697,0,0,-0.36881447784996213
SYRMA,2024-10-04,2024-10-07,2024-10-14,408.1944274902344,414.9319458007813,420.62140632944136,399.9596703652253,3.0443773854566607,-2.0173614754224176,0,0,1.650565969744435
SONACOMS,2024-10-04,2024-10-07,2024-10-14,668.8782348632812,653.6776123046875,687.7428761821749,650.2116651335251,2.8203401360113873,-2.7907276327464268,0,5,-2.272554519837345
SJVN,2024-10-04,2024-10-07,2024-10-14,114.39436340332033,115.47045135498048,123.60407910104526,112.8141718267254,8.05084745762711,-1.3813544038211432,0,1,0.9406826697100379
SAPPHIRE,2024-10-04,2024-10-07,2024-10-14,347.79998779296875,356.6499938964844,374.9500122070313,343.20001220703125,7.806217759335825,-1.3225922217903237,4,1,2.5445676866393896
RVNL,2024-10-04,2024-10-07,2024-10-14,447.94476318359375,466.5884704589844,496.5869705270075,422.9046821817279,10.858974440890464,-5.589993021439341,2,1,4.1620549692081905
RPOWER,2024-10-04,2024-10-07,2024-10-14,48.400001525878906,43.52999877929688,49.70000076293945,43.13999938964844,2.6859487522235983,-10.867772666118633,3,5,-10.061988828612105
RECLTD,2024-10-04,2024-10-07,2024-10-14,462.1877746582031,499.3364562988281,508.57752940944425,447.35601423558205,10.036993035038034,-3.209033478566033,3,1,8.037573401437797
RAINBOW,2024-10-04,2024-10-07,2024-10-14,1371.468017578125,1403.10498046875,1419.1230568059511,1336.4877706891602,3.474746666858492,-2.5505696407515477,2,0,2.306795527502909
PRAJIND,2024-10-04,2024-10-07,2024-10-14,724.5614624023438,757.4354858398438,783.8432707472484,701.6582361923648,8.181750123495515,-3.1609776945687083,3,1,4.5370924543107005
POLICYBZR,2024-10-04,2024-10-07,2024-10-14,1690.75,1652.6500244140625,1747.800048828125,1605.0,3.374245088163537,-5.071713736507467,0,4,-2.253436379472867
PNBHOUSING,2024-10-04,2024-10-07,2024-10-14,930.1102905273438,984.4832763671876,1009.2570586984448,912.1020817340318,8.509396033692656,-1.9361369266328463,5,0,5.845864344648425
PAYTM,2024-10-04,2024-10-07,2024-10-14,651.8499755859375,717.6500244140625,772.8499755859375,637.0999755859375,18.562553429757365,-2.2627906040406707,1,0,10.09435472770838
SUZLON,2024-10-04,2024-10-07,2024-10-14,70.93000030517578,74.01000213623047,80.5999984741211,66.0999984741211,13.63315681282986,-6.809533075248332,2,1,4.342311881859585
CYIENT,2024-10-04,2024-10-07,2024-10-14,1786.05078125,1791.724609375,1854.3795105002616,1751.6682185212085,3.8256879349444097,-1.9250607591755182,3,1,0.3176745132089172
KAYNES,2024-10-04,2024-10-07,2024-10-14,4870.7998046875,5682.2998046875,5755.5498046875,4778.39990234375,18.164367978099722,-1.8970170413250678,5,0,16.660508182229922
APTUS,2024-10-04,2024-10-07,2024-10-14,358.7851257324219,378.0950012207031,389.7391436195704,344.957707093647,8.627452942470565,-3.8539553752535474,5,0,5.382016729055359
BIOCON,2024-10-04,2024-10-07,2024-10-14,339.5460205078125,346.0373229980469,352.2290584102009,334.1532368657015,3.735292754549176,-1.5882334989659872,2,0,1.9117592603577631
CANBK,2024-10-04,2024-10-07,2024-10-14,99.91026306152344,100.87567901611328,105.2779468224854,98.80004026373228,5.372504882362903,-1.1112199725742808,0,0,0.9662830674315743
AVALON,2024-10-04,2024-10-07,2024-10-14,544.9000244140625,629.2999877929688,659.0,527.4500122070312,20.93961653032234,-3.2024245595869547,5,0,15.48907315055868
CANFINHOME,2024-10-04,2024-10-07,2024-10-14,805.88818359375,852.6319580078125,860.8951419966693,802.8567143932323,6.825631585466752,-0.3761649894156839,2,0,5.800280406844399
CARTRADE,2024-10-04,2024-10-07,2024-10-14,846.6500244140625,978.8499755859376,996.0,837.2000122070312,17.640107633528686,-1.1161651136278274,5,1,15.614474382536772
BHEL,2024-10-04,2024-10-07,2024-10-14,256.11181640625,268.1864624023437,273.3256539027724,253.61705873532688,6.721219558732672,-0.974089249738436,4,0,4.714599336151141
CESC,2024-10-04,2024-10-07,2024-10-14,172.2962646484375,176.09083557128906,182.8722293653451,168.2293075558909,6.138243761980197,-2.360444145927968,0,1,2.20235240188997
COCHINSHIP,2024-10-04,2024-10-07,2024-10-14,1550.7071533203125,1605.4613037109375,1704.5918446388416,1487.4532695942144,9.92351721529351,-4.07903475460608,3,1,3.5309149295782634
AMBER,2024-10-04,2024-10-07,2024-10-14,4931.2998046875,5145.39990234375,5298.0,4800.0,7.436177272449125,-2.662580047611211,5,0,4.341656482794553
BPCL,2024-10-04,2024-10-07,2024-10-14,308.341064453125,313.63348388671875,322.1473945409876,302.1282198979304,4.47761640582955,-2.0149260904361554,2,1,1.716417319561508
ADANIGREEN,2024-10-04,2024-10-07,2024-10-14,1752.449951171875,1775.3499755859375,1833.949951171875,1725.550048828125,4.650632101961052,-1.534988335944308,2,1,1.3067434193341214
NBCC,2024-10-25,2024-10-28,2024-11-04,92.10797882080078,96.5500030517578,100.38989122593856,84.11232447053281,8.991525502096314,-8.680740205822763,5,0,4.822626973065089
TIINDIA,2024-11-14,2024-11-18,2024-11-26,3423.635009765625,3422.237548828125,3662.549042735356,3363.1579474368223,6.97837334553039,-1.766457643887187,2,0,-0.040818046710991755
WHIRLPOOL,2024-11-14,2024-11-18,2024-11-26,1823.0201416015625,1809.22314453125,1858.7820593349688,1702.4350218492923,1.9616852780347627,-6.614579674711305,4,3,-0.756820879564805
INOXWIND,2024-11-14,2024-11-18,2024-11-26,188.8699951171875,184.41000366210935,195.63999938964844,180.75,3.58447844945428,-4.299250980627873,1,2,-2.361408148663782
SUZLON,2024-11-14,2024-11-18,2024-11-26,59.2599983215332,63.56999969482422,68.33000183105469,56.79999923706055,15.305440037830262,-4.151196682668097,3,0,7.273036610473373
RPOWER,2024-11-14,2024-11-18,2024-11-26,34.130001068115234,36.310001373291016,36.79999923706055,33.29999923706055,7.823023982966309,-2.431883401931938,4,1,6.387343208179301
TORNTPOWER,2024-11-14,2024-11-18,2024-11-26,1544.2642822265625,1517.0487060546875,1632.9342861128766,1450.0828439542904,5.741893075352833,-6.098790171879046,4,3,-1.762365191315235
GRSE,2024-11-14,2024-11-18,2024-11-26,1369.6314697265625,1520.0797119140625,1558.7776263151811,1353.4414238263705,13.810003695839463,-1.1820731531106117,5,3,10.98457837111
MOIL,2024-11-19,2024-11-21,2024-11-28,278.47174072265625,310.3371276855469,321.071761767741,271.4603844640995,15.29778961934677,-2.517798122122458,5,0,11.442951762429256
INOXWIND,2024-11-19,2024-11-21,2024-11-28,188.69000244140625,193.66000366210935,197.6999969482422,180.75,4.775024850420363,-4.207961385697609,5,0,2.6339504777135327
RPOWER,2024-11-19,2024-11-21,2024-11-28,34.279998779296875,40.0,40.02000045776367,33.810001373291016,16.744462902179052,-1.3710543253861212,5,1,16.68611850755862
ADANIGREEN,2024-11-19,2024-11-21,2024-11-28,1145.699951171875,1087.199951171875,1219.0,870.25,6.397839919007617,-24.04206711278394,1,4,-5.106048921461809
PRAJIND,2025-01-13,2025-01-14,2025-01-21,715.084228515625,754.1283569335938,796.6770056228406,686.4058426393507,11.410233068150065,-4.010490615323042,5,0,5.460074052956912
NETWORK18,2025-01-13,2025-01-14,2025-01-21,61.43999862670898,55.290000915527344,63.27999877929688,55.040000915527344,2.9947919819581936,-10.416663174206924,1,5,-10.00976212344531
HUDCO,2025-01-13,2025-01-14,2025-01-21,205.2969207763672,219.8015289306641,228.48134093497112,196.98119990964472,11.293116365763245,-4.050582363960979,4,0,7.065185439433344
HINDCOPPER,2025-01-13,2025-01-14,2025-01-21,224.56008911132807,242.0914306640625,253.68297295303543,217.09064105814156,12.96886011978263,-3.326258055358827,5,0,7.806971230779608
NBCC,2025-01-13,2025-01-14,2025-01-21,83.02649688720703,93.87490844726562,97.90236547066442,78.67330282386477,17.91701341279823,-5.2431383071071265,4,0,13.06620412372252
TEXRAIL,2025-01-13,2025-01-14,2025-01-21,176.8222198486328,190.08413696289065,204.45039335333024,169.71868880634912,15.624831273099215,-4.017329410503166,3,0,7.500141738753531
POLICYBZR,2025-01-13,2025-01-14,2025-01-21,1743.8499755859375,1651.449951171875,1841.3499755859373,1641.3499755859375,5.591077292485528,-5.877799204920697,2,5,-5.298622341811019
INOXWIND,2025-01-13,2025-01-14,2025-01-21,155.25999450683594,165.57000732421875,172.4199981689453,149.80999755859375,11.052430934714376,-3.5102390448701386,2,0,6.640482533914345
YATHARTH,2025-01-13,2025-01-14,2025-01-21,486.8500061035156,425.9500122070313,509.5,407.1499938964844,4.6523556768054055,-16.370547644624075,0,5,-12.508984930265271
PFC,2025-01-13,2025-01-14,2025-01-21,393.070068359375,402.9580383300781,416.2361410972456,370.6573636024732,5.89362421681276,-5.7019617012431425,4,0,2.515574389058487
BHEL,2025-01-13,2025-01-14,2025-01-21,196.68670654296875,209.110595703125,218.04182235609576,191.3678812078363,10.857427117710019,-2.704211905633029,4,0,6.316588130699159
PVRINOX,2025-01-13,2025-01-14,2025-01-21,1086.25,1077.4000244140625,1122.449951171875,1075.0,3.332561672899885,-1.0356731875719216,2,5,-0.8147273266685845
SJVN,2025-01-13,2025-01-14,2025-01-21,91.16649627685548,95.87799072265624,99.24196180165694,88.12244332195543,8.857931207839545,-3.3390039973191876,5,0,5.168010879230053
RVNL,2025-01-13,2025-01-14,2025-01-21,373.6178283691406,415.7149658203125,434.1603221850385,357.6021000405956,16.204391016394677,-4.286660622822644,3,0,11.267432722610657
ADANIGREEN,2025-01-13,2025-01-14,2025-01-21,1006.8499755859376,1045.699951171875,1127.0,897.5,11.933259902414054,-10.860602695282507,2,0,3.858566472460666
YATHARTH,2025-01-14,2025-01-15,2025-01-22,486.1000061035156,431.75,501.0,407.1499938964844,3.0652116250563064,-16.24151639903883,0,4,-11.180828105552774
SYRMA,2025-01-22,2025-01-23,2025-01-30,468.4328918457031,535.1094360351562,553.7250012295834,401.7064228548631,18.207967644589445,-14.244616497344307,5,3,14.233958663051288
AVALON,2025-01-22,2025-01-23,2025-01-30,716.5,628.8499755859375,750.0499877929688,598.0,4.682482594971214,-16.538729937194695,0,4,-12.233080867280181
NETWORK18,2025-01-22,2025-01-23,2025-01-30,53.88999938964844,51.4900016784668,55.34999847412109,47.59000015258789,2.7092208220605323,-11.690479325317444,0,3,-4.453512225577513
KAYNES,2025-01-22,2025-01-23,2025-01-30,5595.5,4725.64990234375,5874.7001953125,4214.4501953125,4.9897273757930485,-24.681436952685193,0,3,-15.545529401416317
POLICYBZR,2025-01-22,2025-01-23,2025-01-30,1686.800048828125,1656.0999755859375,1735.25,1605.0,2.8722996069116054,-4.84942177260157,5,0,-1.8200185175187684
TRENT,2025-01-22,2025-01-23,2025-01-30,5728.63720703125,5506.4296875,5787.436365209168,5312.59787533539,1.0264074343152436,-7.262448583499386,0,3,-3.878889716711604
YATHARTH,2025-01-22,2025-01-23,2025-01-30,452.2999877929688,424.8500061035156,459.7999877929688,392.5499877929688,1.6581915105938438,-13.21025903439762,1,4,-6.068976880454362
GLAND,2025-01-27,2025-01-28,2025-02-03,1472.5321044921875,1499.9764404296875,1529.2041602485788,1403.9708599304531,3.848612575814434,-4.656010171362491,5,0,1.8637512794306352
NETWORK18,2025-01-28,2025-01-29,2025-02-04,51.400001525878906,51.83000183105469,53.5,49.59000015258789,4.08560002291787,-3.5214033454448734,3,0,0.8365764443786727
SYRMA,2025-01-28,2025-01-29,2025-02-04,504.1667785644531,562.4089965820312,568.2980593416611,443.0299446426097,12.720251215245307,-12.126311474929453,5,0,11.552172910602119
GLAND,2025-01-28,2025-01-29,2025-02-04,1492.9420166015625,1445.087890625,1529.2041602485788,1421.755204569767,2.4289050240250516,-4.768223496974149,4,5,-3.2053573041968884
WHIRLPOOL,2025-02-11,2025-02-12,2025-02-19,996.0091552734376,999.5953369140624,1044.6217423042615,962.2892324348744,4.880736966466749,-3.3855033018552896,1,4,0.36005508801174085
NFL,2025-02-12,2025-02-13,2025-02-20,88.6615982055664,86.27996826171875,91.3286371240509,80.8081232926984,3.0081105827810917,-8.857808873080913,0,2,-2.686202360491773
WHIRLPOOL,2025-02-12,2025-02-13,2025-02-20,1018.7216186523438,983.5571899414062,1044.6217423042615,962.2892324348744,2.5424142550524,-5.539529659940187,0,3,-3.4518192278530577
TIINDIA,2025-02-14,2025-02-17,2025-02-24,2600.067138671875,2659.086669921875,2793.354315538781,2510.089302475745,7.433930224034059,-3.460596646057797,4,0,2.2699233559079333
FACT,2025-02-14,2025-02-17,2025-02-24,748.5046997070312,714.91796875,762.6491440814392,682.830590972789,1.8896934621712016,-8.77404093253489,0,5,-4.487177030441796
KIOCL,2025-02-14,2025-02-17,2025-02-24,261.79998779296875,251.1999969482422,277.04998779296875,242.0,5.82505756725233,-7.563020899995827,4,5,-4.048888975926549
WHIRLPOOL,2025-02-14,2025-02-17,2025-02-24,995.7601318359376,959.3505249023438,1013.09327348123,951.3314603547803,1.740694479636807,-4.461784526283623,2,5,-3.656463617042337
BEML,2025-02-19,2025-02-20,2025-02-28,1304.2320556640625,1219.77783203125,1356.534548003449,1216.4482673822993,4.01021368185557,-6.730687832777371,1,5,-6.475398550897586
BIOCON,2025-02-28,2025-03-03,2025-03-10,304.6426696777344,327.7118225097656,338.4474632411912,290.61144213644866,11.096539299375612,-4.605798510145878,4,0,7.572528449949216
GSFC,2025-02-28,2025-03-03,2025-03-10,163.3091583251953,173.36827087402344,177.00127145530988,154.59777581952176,8.384167348930697,-5.334289022742189,4,0,6.1595520128745935
NOCIL,2025-02-28,2025-03-03,2025-03-10,164.2645263671875,179.34780883789062,194.0948362959183,162.0193362626823,18.15992204065401,-1.3668137327997667,4,0,9.182312702735842
WENDT,2025-03-03,2025-03-04,2025-03-11,8377.3349609375,9339.546875,10518.701930411293,8319.466512671535,25.561434268281356,-0.6907739577777204,3,0,11.485895198761632
BEML,2025-03-03,2025-03-04,2025-03-11,1238.08984375,1211.30517578125,1348.9312385965025,1174.9541684665949,8.952613205418071,-5.0994421448588945,3,0,-2.1633864540575676
GSFC,2025-03-03,2025-03-04,2025-03-11,164.88150024414062,167.9383087158203,177.00127145530988,159.01206412497405,7.350594938318405,-3.5597905832223047,3,0,1.8539426601246718
IOLCP,2025-03-03,2025-03-04,2025-03-11,62.2955436706543,64.47598266601562,70.05042552747625,58.50690097959851,12.448533875586133,-6.081723455349679,4,0,3.5001524457173536
KIOCL,2025-03-03,2025-03-04,2025-03-11,229.27999877929688,240.5,275.8099975585937,221.6199951171875,20.29396328813061,-3.340894845992578,3,0,4.893580460763788
NOCIL,2025-03-03,2025-03-04,2025-03-11,172.22653198242188,173.84860229492188,194.0948362959183,163.19633021445202,12.697407340077191,-5.24321175374507,3,0,0.9418237096393226
NATIONALUM,2025-04-11,2025-04-15,2025-04-23,144.87646484375,155.0662384033203,157.295530500601,138.45644204029668,8.5721760744542,-4.43137731886083,4,0,7.033422281914481
COFORGE,2026-02-25,2026-02-26,2026-03-06,1200.4000244140625,1162.9000244140625,1239.5,1129.699951171875,3.257245484064608,-5.889709413884552,0,2,-3.1239586169039315
RPOWER,2026-03-02,2026-03-04,2026-03-11,23.170000076293945,22.86000061035156,24.100000381469727,21.1299991607666,4.013812266350823,-8.804492485153427,0,3,-1.3379346781252621
JUSTDIAL,2026-03-04,2026-03-05,2026-03-12,535.6500244140625,525.25,548.7999877929688,508.8999938964844,2.454954313367342,-4.993938074928585,1,2,-1.9415707906368325
FACT,2026-03-04,2026-03-05,2026-03-12,678.0499877929688,845.0999755859375,928.7999877929688,652.0999755859375,36.981049261011464,-3.8271532592305944,4,2,24.636824835984612
RPOWER,2026-03-04,2026-03-05,2026-03-12,22.549999237060547,23.65999984741211,24.280000686645508,21.1299991607666,7.671847042645272,-6.2971180680139405,5,2,4.922397551691687
INOXWIND,2026-03-04,2026-03-05,2026-03-12,86.31999969482422,83.68000030517578,88.08999633789062,79.04000091552734,2.050505849541304,-8.433733555415417,1,2,-3.0583866994692923
SYMPHONY,2026-03-04,2026-03-05,2026-03-12,759.6500244140625,815.5,843.5499877929688,730.5499877929688,11.044554818993186,-3.8307162095518072,4,2,7.3520665821100994
CARTRADE,2026-03-04,2026-03-05,2026-03-12,1778.300048828125,1678.699951171875,1835.800048828125,1651.199951171875,3.2334250925703847,-7.147280783128089,0,5,-5.600860086681383
SAPPHIRE,2026-03-09,2026-03-10,2026-03-17,173.16000366210938,165.6300048828125,177.67999267578125,153.52999877929688,2.6102962104873946,-11.336338916414512,0,3,-4.348578551655794
NBCC,2026-03-09,2026-03-10,2026-03-17,87.04000091552734,83.12999725341797,88.38999938964844,80.25,1.5510092600197378,-7.8010119992037525,1,4,-4.492191660135721
INOXWIND,2026-03-09,2026-03-10,2026-03-17,82.93000030517578,78.20999908447266,86.94999694824219,77.18000030517578,4.847457648948679,-6.933558397251247,2,4,-5.691548538929093
EASEMYTRIP,2026-03-13,2026-03-16,2026-03-23,6.889999866485596,6.46999979019165,7.320000171661377,6.320000171661377,6.240933432631732,-8.272854947310185,2,5,-6.095792226889782
SAPPHIRE,2026-03-13,2026-03-16,2026-03-23,163.05999755859375,154.47999572753906,172.99000549316406,153.3000030517578,6.08978785922162,-5.985523520769584,2,5,-5.261867999213947
INOXWIND,2026-03-19,2026-03-20,2026-03-30,81.83999633789062,75.48999786376953,84.4000015258789,75.05000305175781,3.128061220114008,-8.296668609440239,0,5,-7.7590405159648625
MIDHANI,2026-03-19,2026-03-20,2026-03-30,315.29998779296875,270.45001220703125,326.0,266.6499938964844,3.3935974060541536,-15.429748106564716,0,5,-14.224540857066808
BPCL,2026-03-19,2026-03-20,2026-03-30,287.79998779296875,281.0,298.5,270.0,3.7178640239305323,-6.184846611520121,4,1,-2.362747769767237
APTUS,2026-03-19,2026-03-20,2026-03-30,206.89495849609372,192.76708984375,210.9767772544167,191.24135126964168,1.9728942589966725,-7.565968421964997,0,5,-6.828522432367758
M&M,2026-03-19,2026-03-20,2026-03-30,3066.10009765625,2954.699951171875,3157.89990234375,2935.0,2.9940250403981414,-4.2757931404934855,3,1,-3.6332847244462148
SAPPHIRE,2026-03-19,2026-03-20,2026-03-30,160.1300048828125,150.4199981689453,164.6999969482422,149.00999450683594,2.853926138810857,-6.944363977328602,4,5,-6.063827151553037
RVNL,2026-03-19,2026-03-20,2026-03-30,264.54998779296875,249.6499938964844,273.3999938964844,248.0,3.3453058067957473,-6.255901930307561,3,5,-5.632203584959062
DEVYANI,2026-03-19,2026-03-20,2026-03-30,104.16999816894533,94.58999633789062,107.0,94.30999755859376,2.7167148706913777,-9.465297862788079,0,5,-9.196507631225675
BAJFINANCE,2026-03-19,2026-03-20,2026-03-30,830.5499877929688,801.5499877929688,888.7999877929688,787.9000244140625,7.013424942042137,-5.135147071910813,3,1,-3.4916622029050983
HINDCOPPER,2026-03-19,2026-03-20,2026-03-30,489.4500122070313,453.5,498.0,445.7000122070313,1.7468561813728494,-8.938604333202935,4,1,-7.344981368970709
TEXRAIL,2026-03-19,2026-03-20,2026-03-30,89.62999725341797,78.80000305175781,92.31999969482422,78.05000305175781,3.001230083496035,-12.919775249930138,0,5,-12.08300182252562
IDFCFIRSTB,2026-03-19,2026-03-20,2026-03-30,62.95000076293945,58.84999847412109,63.880001068115234,58.66999816894531,1.477363453382673,-6.7990509009078615,0,5,-6.513109196389653
AMBUJACEM,2026-03-19,2026-03-20,2026-03-30,420.5499877929688,401.25,427.7000122070313,394.0,1.7001604141247444,-6.313158616958281,3,1,-4.5892256219657614
CHOLAFIN,2026-03-19,2026-03-20,2026-03-30,1440.5,1354.699951171875,1483.300048828125,1335.0,2.9711939484987853,-7.323845886844846,3,5,-5.956268575364457
ULTRACEMCO,2026-03-19,2026-03-20,2026-03-30,10934.0,10745.0,11236.0,10325.0,2.7620267056886774,-5.569782330345711,3,1,-1.7285531370038414
HINDZINC,2026-03-19,2026-03-20,2026-03-30,505.5137939453125,493.1398620605469,517.0529626269199,475.31555313854193,2.2826614861583256,-5.973771867051659,0,1,-2.447793123149526
LT,2026-03-19,2026-03-20,2026-03-30,3434.800048828125,3504.10009765625,3660.0,3288.10009765625,6.556420984351274,-4.270989550670516,3,1,2.017586113979723
RPOWER,2026-03-20,2026-03-23,2026-04-01,20.96999931335449,22.350000381469727,23.299999237060547,20.170000076293945,11.11111111111113,-3.814970258730879,2,4,6.58083506581901
ROSSARI,2026-03-20,2026-03-23,2026-04-01,388.75,404.2999877929688,429.0,375.0,10.353697749196142,-3.536977491961415,2,4,3.999996859927667
COROMANDEL,2026-03-20,2026-03-23,2026-04-01,1846.5,1918.699951171875,2027.0,1818.0999755859373,9.775250473869484,-1.5380462720857149,2,0,3.91009754518684
BPCL,2026-03-20,2026-03-23,2026-04-01,271.29998779296875,281.25,298.5,270.0,10.02580664610564,-0.479169867844145,3,0,3.667531387662349
DEVYANI,2026-03-20,2026-03-23,2026-04-01,101.16000366210938,96.76000213623048,106.75,94.30999755859376,5.525895744885606,-6.771456954861063,2,4,-4.349546625735209
COCHINSHIP,2026-03-20,2026-03-23,2026-04-01,1269.199951171875,1338.5999755859375,1372.0,1187.0,8.099594451859842,-6.47651704492884,5,4,5.468013479671522
UPL,2026-03-20,2026-03-23,2026-04-01,602.4000244140625,594.5,632.8499755859375,565.1500244140625,5.054772566035801,-6.183598686974162,2,4,-1.3114249823855222
TEXRAIL,2026-03-20,2026-03-23,2026-04-01,84.37999725341797,88.4000015258789,91.29000091552734,78.05000305175781,8.189148953580313,-7.501771044918762,2,4,4.764167342157741
HINDZINC,2026-03-20,2026-03-23,2026-04-01,478.9000549316406,515.0397338867188,521.423103497438,475.31555313854193,8.879315867246497,-0.7484864025773302,5,0,7.5463927353770694
TATACOMM,2026-03-20,2026-03-23,2026-04-01,1383.0,1390.199951171875,1457.699951171875,1342.0999755859375,5.401297987843456,-2.957340883157086,2,4,0.5206038446764281
HOMEFIRST,2026-03-20,2026-03-23,2026-04-01,905.2000122070312,950.4500122070312,960.5999755859376,893.7000122070312,6.120190304000532,-1.2704374552493707,2,4,4.998895204350784
GRINDWELL,2026-03-20,2026-03-23,2026-04-01,1364.199951171875,1405.4000244140625,1425.0,1329.0,4.456828251305576,-2.5802633361507996,5,0,3.020090508491502
APTUS,2026-03-20,2026-03-23,2026-04-01,199.49417114257807,201.8124847412109,207.12281568849903,191.24135126964168,3.8239937047929016,-4.136872684384403,2,4,1.162095907542054
SAPPHIRE,2026-03-20,2026-03-23,2026-04-01,154.47999572753906,155.33999633789062,164.6999969482422,149.00999450683594,6.6157441114436875,-3.5409123329798167,3,4,0.5567067802541703
ZEEL,2026-03-20,2026-03-23,2026-04-01,68.38999938964844,76.06999969482422,77.27999877929688,68.0,12.998975682099559,-0.5702579223994965,2,0,11.229712492640017
WHIRLPOOL,2026-03-23,2026-03-24,2026-04-02,798.4500122070312,814.4000244140625,832.5,775.9500122070312,4.264510898916472,-2.8179597540247694,4,3,1.9976218878052379
PRINCEPIPE,2026-03-23,2026-03-24,2026-04-02,226.1000061035156,224.8800048828125,237.75,205.0,5.152584512160815,-9.33215636175408,1,3,-0.5395847800837927
WESTLIFE,2026-03-23,2026-03-24,2026-04-02,424.7999877929688,459.9500122070313,496.8500061035156,404.0,16.9609275849747,-4.896419112682724,3,0,8.274488094192995
BANDHANBNK,2026-03-23,2026-03-24,2026-04-02,149.99000549316406,146.33999633789062,155.5,140.6999969482422,3.6735744416564216,-6.193751719907281,1,5,-2.4335015811702134
ADANIPORTS,2026-03-23,2026-03-24,2026-04-02,1344.199951171875,1377.5999755859375,1405.4000244140625,1307.0999755859375,4.552899528737017,-2.7600042355003582,4,3,2.484751199770862
VOLTAS,2026-03-23,2026-03-24,2026-04-02,1302.0999755859375,1235.4000244140625,1381.0,1186.800048828125,6.059444427725908,-8.854921198038438,1,5,-5.1224907781647415
VINDHYATEL,2026-03-23,2026-03-24,2026-04-02,1017.5999755859376,1092.050048828125,1098.75,963.9000244140624,7.974648816921985,-5.27711796975571,5,3,7.316241649801414
SAPPHIRE,2026-03-23,2026-03-24,2026-04-02,158.44000244140625,153.97000122070312,164.6999969482422,139.91000366210938,3.951018941161016,-11.695278019292871,2,5,-2.821257985246627
ROSSARI,2026-03-23,2026-03-24,2026-04-02,397.8999938964844,428.1000061035156,464.4500122070313,375.0,16.72531272464916,-5.755213432459091,5,3,7.589849879436773
AMBER,2026-03-23,2026-03-24,2026-04-02,6452.0,6281.5,6820.0,6136.0,5.7036577805331685,-4.897706137631743,4,0,-2.642591444513329
BAJFINANCE,2026-03-23,2026-03-24,2026-04-02,849.0,826.8499755859375,888.7999877929688,792.4500122070312,4.68786664228136,-6.660775947346142,1,5,-2.6089545835173733
ULTRACEMCO,2026-03-23,2026-03-24,2026-04-02,10764.0,10620.0,11236.0,10365.0,4.384986993682646,-3.706800445930881,1,5,-1.3377926421404682
TRENT,2026-03-23,2026-03-24,2026-04-02,3365.60009765625,3550.60009765625,3567.39990234375,3275.5,5.995953138580848,-2.6770886332869512,5,3,5.496790903019971
RVNL,2026-03-23,2026-03-24,2026-04-02,258.45001220703125,260.6600036621094,273.3999938964844,248.0,5.784477068423371,-4.043339800139098,1,3,0.8550943512077734
AMBUJACEM,2026-03-23,2026-03-24,2026-04-02,407.5499877929688,418.4500122070313,427.7000122070313,395.1000061035156,4.94418476692447,-3.05483549560984,1,0,2.674524534546079
TEXRAIL,2026-03-23,2026-03-24,2026-04-02,88.54000091552734,89.66000366210938,91.29000091552734,78.05000305175781,3.105940785593249,-11.847749893042852,1,3,1.2649680765765785
AUBANK,2026-03-23,2026-03-24,2026-04-02,877.5,868.25,919.2000122070312,831.6500244140625,4.7521381432514245,-5.225068442841881,1,5,-1.0541310541310542
SPECIALITY,2026-03-23,2026-03-24,2026-04-02,92.5999984741211,97.48999786376952,98.0,82.69999694824219,5.831535221232259,-10.691146532411292,1,3,5.280776965687565
SYMPHONY,2026-03-23,2026-03-24,2026-04-02,724.0999755859375,728.2999877929688,755.0,685.0,4.267369901381143,-5.399803466958831,1,3,0.5800320879216471
RPOWER,2026-03-23,2026-03-24,2026-04-02,21.399999618530277,22.63999938964844,23.299999237060547,20.170000076293945,8.878503048593789,-5.747661514775328,1,3,5.794391557112212
TATACHEM,2026-03-23,2026-03-24,2026-04-02,608.0999755859375,651.9000244140625,676.4500122070312,580.2999877929688,11.239934116957457,-4.571614686578789,5,3,7.20277102230127
APTUS,2026-03-23,2026-03-24,2026-04-02,198.4539031982422,197.5721435546875,207.12281568849903,191.24135126964168,4.368224736601517,-3.6343714144012815,1,3,-0.44431458859938294
NBCC,2026-03-23,2026-03-24,2026-04-02,81.8499984741211,83.08999633789062,85.3499984741211,77.18000030517578,4.27611492394421,-5.70555681857691,1,3,1.514963820263952
BANKBARODA,2026-03-23,2026-03-24,2026-04-02,270.5,249.55999755859372,277.45001220703125,241.0,2.5693205940965806,-10.905730129390019,1,5,-7.741220865584577
INOXWIND,2026-03-23,2026-03-24,2026-04-02,77.91000366210938,79.55000305175781,83.1500015258789,75.05000305175781,6.725706093526913,-3.6709029340509334,1,3,2.1049920582227264
INDUSINDBK,2026-03-23,2026-03-24,2026-04-02,797.25,778.7000122070312,834.2999877929688,750.5,4.6472233042293825,-5.863907180934462,1,3,-2.3267466657847287
IDFCFIRSTB,2026-03-23,2026-03-24,2026-04-02,62.09000015258789,60.220001220703125,63.54999923706055,58.08000183105469,2.351423870002687,-6.458364167625256,1,5,-3.0117553990806756
HUDCO,2026-03-23,2026-03-24,2026-04-02,167.96597290039062,167.97999572753906,178.63015936590173,159.0,6.349015983038019,-5.337969795648875,1,3,0.008348611868401168
HOMEFIRST,2026-03-23,2026-03-24,2026-04-02,929.5,959.25,964.1500244140624,893.7000122070312,3.7278132774677126,-3.8515317690122375,5,3,3.200645508337816
HINDZINC,2026-03-23,2026-03-24,2026-04-02,488.1313781738281,506.495849609375,521.423103497438,476.0520900934432,6.820238733301501,-2.4745977457084036,4,0,3.7621985098051036
HINDCOPPER,2026-03-23,2026-03-24,2026-04-02,463.5499877929688,495.1499938964844,510.8999938964844,447.0,10.214649412236222,-3.5702703546096046,4,0,6.816957595871796
HINDALCO,2026-03-23,2026-03-24,2026-04-02,854.6500244140625,916.25,922.5,843.5,7.938919282481108,-1.3046304446907164,4,0,7.207625791407388
HDFCLIFE,2026-03-23,2026-03-24,2026-04-02,603.0,566.0999755859375,617.2000122070312,555.0999755859375,2.3548942300217663,-7.943619305814677,1,5,-6.1194070338412105
HDFCBANK,2026-03-23,2026-03-24,2026-04-02,764.9000244140625,750.9000244140625,794.7999877929688,726.6500244140625,3.9090028009621998,-5.00065352060888,1,3,-1.8303045565627274
GRSE,2026-03-23,2026-03-24,2026-04-02,2155.0,2255.300048828125,2367.300048828125,1963.699951171875,9.851510386455917,-8.877032428219257,4,3,4.654294609193736
GRINDWELL,2026-03-23,2026-03-24,2026-04-02,1385.0999755859375,1387.9000244140625,1425.0,1341.5,2.880660249610042,-3.147785456244301,4,3,0.2021549980130855
GNFC,2026-03-23,2026-03-24,2026-04-02,391.1000061035156,398.7000122070313,403.0,365.0,3.0426984686199945,-6.673486498644422,1,3,1.943238554055181
CHOLAFIN,2026-03-23,2026-03-24,2026-04-02,1418.9000244140625,1356.300048828125,1483.300048828125,1299.4000244140625,4.5387288255673,-8.422016910553493,1,5,-4.411866552175745
GALAXYSURF,2026-03-23,2026-03-24,2026-04-02,1561.0999755859375,1655.300048828125,1674.5,1510.0,7.264110318847411,-3.2733313935744452,5,3,6.03421143523052
FEDERALBNK,2026-03-23,2026-03-24,2026-04-02,262.5,265.54998779296875,273.8999938964844,256.5,4.342854817708333,-2.2857142857142856,1,5,1.1619001116071428
COCHINSHIP,2026-03-23,2026-03-24,2026-04-02,1305.0999755859375,1314.5,1372.0,1187.0,5.126045947861357,-9.049113308956684,4,3,0.720253205877371
EICHERMOT,2026-03-23,2026-03-24,2026-04-02,6871.0,6649.5,7073.0,6571.5,2.939892300975113,-4.358899723475477,1,3,-3.2236937854751853
EASEMYTRIP,2026-03-23,2026-03-24,2026-04-02,6.630000114440918,6.5,7.170000076293945,5.769999980926514,8.14479566413346,-12.971344172999682,1,3,-1.9607860059875786
DEVYANI,2026-03-23,2026-03-24,2026-04-02,102.18000030517578,96.43000030517578,106.75,91.5500030517578,4.472499198644778,-10.403207302475938,1,5,-5.6273243128075645
COLPAL,2026-03-23,2026-03-24,2026-04-02,1877.300048828125,1829.5,1927.699951171875,1782.0,2.6847014879273745,-5.076442036403002,1,3,-2.546212517171319
DEEPAKNTR,2026-03-23,2026-03-24,2026-04-02,1321.5,1377.699951171875,1388.5999755859375,1280.0,5.077561527501892,-3.1403707907680665,2,3,4.252739400066212
CYIENT,2026-03-23,2026-03-24,2026-04-02,798.4500122070312,804.8499755859375,827.7999877929688,750.2999877929688,3.6758688881236194,-6.030436931295031,1,3,0.8015484101773418
IRFC,2026-03-23,2026-03-24,2026-04-02,92.87000274658205,91.83999633789062,96.3499984741211,87.0,3.74716875699363,-6.320666063292524,1,3,-1.1090840726063491
KAYNES,2026-03-23,2026-03-24,2026-04-02,3514.300048828125,3538.0,3778.300048828125,3380.0,7.512164480321855,-3.8215305170914067,1,5,0.6743861037072791
ZEEL,2026-03-23,2026-03-24,2026-04-02,71.51000213623047,74.12999725341797,77.27999877929688,69.0,8.068796630818506,-3.510001484056422,1,0,3.663816303901468
LT,2026-03-23,2026-03-24,2026-04-02,3516.800048828125,3613.10009765625,3682.89990234375,3390.5,4.723039445218761,-3.5913343685891657,4,0,2.7382861547734083
PAYTM,2026-03-23,2026-03-24,2026-04-02,1035.0999755859375,1006.0,1071.0,930.5999755859376,3.468266376273522,-10.095643171167668,1,3,-2.8113202852183354
BPCL,2026-03-23,2026-03-24,2026-04-02,282.25,278.1499938964844,298.5,266.6000061035156,5.757307351638618,-5.544727686974092,2,5,-1.4526150942482285
NETWORK18,2026-03-23,2026-03-24,2026-04-02,30.100000381469727,29.93000030517578,31.3799991607666,27.3799991607666,4.252487584966519,-9.036548791466535,1,3,-0.5647842994666584
BEML,2026-03-23,2026-03-24,2026-04-02,1446.800048828125,1482.5,1517.0,1355.0,4.852083826561615,-6.34504048451484,1,3,2.4675110566101477
M&M,2026-03-23,2026-03-24,2026-04-02,3031.300048828125,3011.699951171875,3157.89990234375,2928.10009765625,4.17642105619229,-3.404478260466866,1,5,-0.6465904839683301
MIDHANI,2026-03-23,2026-03-24,2026-04-02,300.3999938964844,292.54998779296875,312.79998779296875,266.6499938964844,4.127827612658781,-11.235020201641548,1,3,-2.6131845083261487
CANBK,2026-03-23,2026-03-24,2026-04-02,133.14999389648438,127.04000091552734,137.58999633789062,121.79000091552734,3.3345870408811797,-8.531726249862768,1,5,-4.588804552035625
NEOGEN,2026-03-23,2026-03-24,2026-04-02,1237.5,1194.800048828125,1292.0,1101.199951171875,4.404040404040404,-11.014145359848484,0,3,-3.4505011047979797
COROMANDEL,2026-03-23,2026-03-24,2026-04-02,1940.0999755859373,1878.300048828125,2027.0,1829.9000244140625,4.479151874006787,-5.680117136159071,1,5,-3.1853990791968245
NATIONALUM,2026-03-23,2026-03-24,2026-04-02,352.8921203613281,399.8084106445313,404.4851364997863,348.9119469347431,14.620053314205993,-1.1278725698124619,4,0,13.294796788085078
SAPPHIRE,2026-03-24,2026-03-25,2026-04-06,159.9600067138672,157.39999389648438,164.6999969482422,139.91000366210938,2.9632345807873004,-12.534384977629315,1,4,-1.6004080457198935
CYIENT,2026-03-24,2026-03-25,2026-04-06,815.7000122070312,813.1500244140625,827.7999877929688,750.2999877929688,1.4833854854554578,-8.01765642213371,0,2,-0.3126134307720891
GRSE,2026-03-24,2026-03-25,2026-04-06,2177.0,2259.5,2367.300048828125,1963.699951171875,8.74138947304203,-9.797889243368168,3,2,3.78961874138723
AMBUJACEM,2026-03-24,2026-03-25,2026-04-06,421.7999877929688,430.0499877929688,431.1000061035156,399.3999938964844,2.2048408202210585,-5.310572438299589,5,2,1.9559033282972333
HINDZINC,2026-03-24,2026-03-25,2026-04-06,508.410888671875,516.6110229492188,521.423103497438,488.475091826037,2.559389485058998,-3.9211978519807906,3,2,1.612895093329927
HOMEFIRST,2026-03-24,2026-03-25,2026-04-06,948.0,978.6500244140624,980.7000122070312,893.7000122070312,3.449368376269119,-5.727846813604299,5,2,3.2331249381922347
BPCL,2026-03-24,2026-03-25,2026-04-06,284.54998779296875,278.70001220703125,298.5,266.6000061035156,4.9024820964606475,-6.3081997749067105,1,4,-2.055869209944859
GRSE,2026-03-27,2026-03-30,2026-04-08,1972.800048828125,2477.39990234375,2506.0,1963.699951171875,27.027571876258026,-0.4612782558301134,5,0,25.577850822508115
PRINCEPIPE,2026-03-27,2026-03-30,2026-04-08,206.0500030517578,241.0200042724609,245.6199951171875,205.0,19.2040725451919,-0.5095865257007842,5,0,16.971609173875606
CYIENT,2026-03-27,2026-03-30,2026-04-08,752.8499755859375,859.25,864.0,750.2999877929688,14.763900912337185,-0.33871128055548033,5,0,14.132965114497367
MIDHANI,2026-03-27,2026-03-30,2026-04-08,270.45001220703125,320.79998779296875,322.8999938964844,266.6499938964844,19.393595608086837,-1.4050723383358312,5,0,18.617109747953815
NEOGEN,2026-03-27,2026-03-30,2026-04-08,1112.0,1328.699951171875,1364.5,1101.199951171875,22.706834532374103,-0.9712274126011691,5,0,19.48740568092401
TEXRAIL,2026-03-27,2026-03-30,2026-04-08,78.80000305175781,97.3000030517578,97.6500015258789,78.05000305175781,23.921316934137607,-0.9517766128858919,5,0,23.477156451185316
EASEMYTRIP,2026-03-27,2026-03-30,2026-04-08,5.849999904632568,7.889999866485596,8.0600004196167,5.769999980926514,37.77778719678352,-1.3675200856448455,5,0,34.87179478819423
NETWORK18,2026-03-27,2026-03-30,2026-04-08,27.520000457763672,32.11000061035156,32.75,27.3799991607666,19.00435848561511,-0.5087256346958908,5,0,16.67877934679687
SYMPHONY,2026-03-27,2026-03-30,2026-04-08,688.2999877929688,750.0499877929688,758.9000244140625,685.0,10.25716081260912,-0.4794403387322653,5,0,8.971378918369757
COCHINSHIP,2026-03-27,2026-03-30,2026-04-08,1193.0999755859375,1379.800048828125,1425.0,1187.0,19.43676382192324,-0.511271118159379,5,0,15.64831758130731
EASEMYTRIP,2026-03-30,2026-04-01,2026-04-09,6.420000076293945,7.960000038146973,8.350000381469727,5.940000057220459,30.062309692212757,-7.47663572226271,5,0,23.987538061557448
BAJFINANCE,2026-03-30,2026-04-01,2026-04-09,817.2999877929688,903.25,926.0,792.4500122070312,13.299891573541315,-3.040496262950181,4,1,10.516335922031526
PAYTM,2026-03-30,2026-04-01,2026-04-09,997.0999755859376,1097.949951171875,1133.5999755859375,962.0,13.689700465571347,-3.520206242639952,5,1,10.114329360671555
DEVYANI,2026-03-30,2026-04-01,2026-04-09,96.76000213623048,104.62999725341795,108.0,91.5500030517578,11.616367936768421,-5.384455321877128,4,1,8.133521024634886
VOLTAS,2026-03-30,2026-04-01,2026-04-09,1249.699951171875,1283.9000244140625,1310.4000244140625,1186.800048828125,4.857171770333153,-5.033200352193915,0,1,2.7366627653395708
BANKBARODA,2026-03-30,2026-04-01,2026-04-09,252.02999877929688,274.239990234375,280.6300048828125,241.0,11.34785789074288,-4.376462656318887,5,1,8.812439615383823
PRINCEPIPE,2026-03-30,2026-04-01,2026-04-09,223.27999877929688,237.1999969482422,245.6199951171875,210.0,10.005372832330044,-5.947688486161096,4,1,6.234323828846247
COLPAL,2026-03-30,2026-04-01,2026-04-09,1819.699951171875,1906.699951171875,1928.0999755859373,1782.0999755859375,5.957027384885808,-2.066273374449637,5,1,4.781007986727293
CYIENT,2026-03-30,2026-04-01,2026-04-09,780.4500122070312,890.2000122070312,892.5499877929688,760.3499755859375,14.363504879566912,-2.575441899764079,5,1,14.062399677544809
COCHINSHIP,2026-03-30,2026-04-01,2026-04-09,1338.5999755859375,1423.9000244140625,1449.0,1228.0999755859375,8.247424654683543,-8.254893322527627,5,0,6.372333063190676
CANBK,2026-03-30,2026-04-01,2026-04-09,127.3000030517578,137.91000366210938,140.5500030517578,121.79000091552734,10.408483646785784,-4.328359783298819,5,1,8.334642856243883
MIDHANI,2026-03-30,2026-04-01,2026-04-09,289.1000061035156,320.45001220703125,329.45001220703125,277.0,13.95711008358396,-4.185404997599024,5,1,10.844000498668406
ROSSARI,2026-03-30,2026-04-01,2026-04-09,404.2999877929688,446.5,465.0,386.5,15.01360723219068,-4.402668397329683,4,0,10.437797051985243
HINDCOPPER,2026-03-30,2026-04-01,2026-04-09,496.0,522.2999877929688,533.5999755859375,468.2000122070313,7.580640239100303,-5.604836248582398,4,1,5.3024168937436995
BANDHANBNK,2026-03-30,2026-04-01,2026-04-09,147.6699981689453,165.94000244140625,167.9199981689453,140.6999969482422,13.713008905730813,-4.719984632713906,5,1,12.372184261530709
HOMEFIRST,2026-03-30,2026-04-01,2026-04-09,950.4500122070312,1059.800048828125,1068.9000244140625,921.3499755859376,12.462518879028636,-3.0617114258876916,4,1,11.50508024795255
RVNL,2026-03-30,2026-04-01,2026-04-09,262.6099853515625,272.8299865722656,277.0599975585937,251.0,5.502461068906654,-4.420999200018965,5,1,3.8917032065712793
SYMPHONY,2026-03-30,2026-04-01,2026-04-09,724.0,740.8499755859375,760.75,697.5999755859375,5.0759668508287294,-3.646412211887086,5,1,2.3273446941902627
TEXRAIL,2026-03-30,2026-04-01,2026-04-09,88.4000015258789,96.9800033569336,99.9000015258789,82.3499984741211,13.009049549205495,-6.843894736796681,5,0,9.705884256736026
NFL,2026-03-30,2026-04-01,2026-04-09,69.44000244140625,74.87000274658203,77.80000305175781,65.6500015258789,12.039170962595753,-5.457950435306165,5,0,7.8197006253818
GSFC,2026-03-30,2026-04-01,2026-04-09,148.4199981689453,161.61000061035156,165.7899932861328,143.22000122070312,11.703271345829942,-3.5035689343716823,5,0,8.886944215153658
IDFCFIRSTB,2026-03-30,2026-04-01,2026-04-09,60.18000030517578,65.27999877929688,66.25,58.08000183105469,10.086406886080006,-3.4895288525621417,5,1,8.47457369268652
NEOGEN,2026-03-30,2026-04-01,2026-04-09,1182.5999755859375,1301.4000244140625,1364.5,1124.0999755859375,15.381365480236656,-4.946727651589479,4,0,10.0456664367225
INDUSINDBK,2026-03-30,2026-04-01,2026-04-09,785.6500244140625,814.5499877929688,840.8499755859375,754.0,7.026022969074952,-4.028514405974477,4,1,3.6784780093986296
SPECIALITY,2026-03-30,2026-04-01,2026-04-09,90.05000305175781,100.18000030517578,104.48999786376952,84.0,16.03552950876866,-6.718492889201199,4,0,11.249302509846197
CHOLAFIN,2026-03-30,2026-04-01,2026-04-09,1373.5999755859375,1533.0999755859375,1558.9000244140625,1299.4000244140625,13.490102804426844,-5.401860257039061,4,1,11.611823153386558
GALAXYSURF,2026-03-30,2026-04-01,2026-04-09,1634.0999755859375,1810.4000244140625,1821.199951171875,1542.0,11.449726355870562,-5.636128569974019,5,0,10.788816563375155
GRSE,2026-03-30,2026-04-01,2026-04-09,2359.300048828125,2523.60009765625,2580.0,2052.0,9.35446728284932,-13.0250516029431,5,0,6.9639319047076516
NETWORK18,2026-03-30,2026-04-01,2026-04-09,30.3700008392334,32.04999923706055,33.029998779296875,28.34000015258789,8.75863637325675,-6.684229932661237,5,0,5.531769349366785
